insert ignore into role_tbl (id, name) values (1,'ROLE_ADMIN');
insert ignore  into role_tbl (id, name) values (2,'ROLE_USER');
insert ignore  into province_tbl (id,province_name,enable) values (1,'kerman',true);
insert ignore  into province_tbl (id,province_name,enable) values (2,'tehran',true);
insert ignore  into province_tbl (id,province_name,enable) values (3,'yazd',true);
insert ignore  into city_tbl (id,city_name,province_id,enable) values (1,'zarand',1,true);
insert ignore  into city_tbl (id,city_name,province_id,enable) values (2,'bam',1,true);
insert ignore  into city_tbl (id,city_name,province_id,enable) values (3,'pardis',2,true);
insert ignore  into city_tbl (id,city_name,province_id,enable) values (4,'rey',2,true);
insert ignore  into address_tbl (id,address_info,city_id,province_id) values (1,'iran-kerman',1,1);
insert ignore  into address_tbl (id,address_info,city_id,province_id) values (2,'iran-kerman',2,1);
insert ignore  into address_tbl (id,address_info,city_id,province_id) values (3,'iran-tehran',3,2);
insert ignore  into address_tbl (id,address_info,city_id,province_id) values (4,'iran-tehran',4,2);
insert ignore  into person_tbl (id,first_name,last_name,gender,date_of_birth,national_code) values (1,'saeed','dabaghian','male','1992-01-01',1234567890);
insert ignore  into person_tbl (id,first_name,last_name,gender,date_of_birth,national_code) values (2,'ahmad','akbari','male','1995-05-05',1234567876);
insert ignore  into person_tbl (id,first_name,last_name,gender,date_of_birth,national_code) values (3,'reza','nazari','male','1997-06-05',1234567850);
insert ignore  into person_tbl (id,first_name,last_name,gender,date_of_birth,national_code) values (4,'ali','kazemi','male','1998-06-05',1234567840);
insert ignore  into account_tbl (id,user_name,password,person_id,address_id,enable) values (1,'admin','$2y$10$ensJtJXAjYnPELpq./R7Lu/y9YpTqJWyBMShIYFGTLEnbteDfDGFS',1,1,true);
insert ignore  into account_tbl (id,user_name,password,person_id,address_id,enable) values (2,'user','$2y$10$cOAo9BLw48mBMTZn2pDGk.w/LRGLTdM7Dzf0fd3OvAHTX3nIZmu4W',2,2,true);
insert ignore  into account_tbl (id,user_name,password,person_id,address_id,enable) values (3,'user2','$2y$10$Nz4Rx1w.wrIm3LxvWjECz.cIyCZ9U9n6E1O0La1WRdnn2cCZILg0a',3,3,true);
insert ignore  into account_tbl (id,user_name,password,person_id,address_id,enable) values (4,'user3','$2y$10$uAGOGkU2XHer/LdjCJVmy.sJ0kRVCMRpvM19/5xex.TJ54dcrZNm2',4,4,true);
insert ignore  into account_roles (account_id,role_id) values (1,1);
insert ignore  into account_roles (account_id,role_id) values (2,2);
insert ignore  into account_roles (account_id,role_id) values (3,2);
insert ignore  into account_roles (account_id,role_id) values (4,2);